trial,type,int_eliminated,int_not_eliminated,instructions,cycles,time_sec
1,high,174574562,225446967,600155271,134121365,
1,low,15928,2129,600155285,182615247,
2,high,174146641,225874408,600155265,133960251,
2,low,16027,2088,600155284,182558070,
3,high,174270902,225750605,600155265,133877719,
3,low,15925,2138,600155285,182470309,
4,high,173294447,226726464,600155262,134337215,
4,low,15988,2137,600155284,182520278,
5,high,174441655,225579657,600155264,133806828,
5,low,16208,2199,600155286,182573604,
6,high,174356101,225665953,600155269,133859844,
6,low,15818,2123,600155285,182813393,
7,high,173872766,226148485,600155266,134059560,
7,low,15871,2084,600155286,182588171,
8,high,173775616,226245629,600155266,134098611,
8,low,15914,2139,600155286,182433784,
9,high,174483018,225537383,600155256,133778634,
9,low,15656,2068,600155285,182435888,
10,high,173724427,226297271,600155265,134158603,
10,low,16099,2166,600155284,182316962,
11,high,174218378,225803430,600155274,133922878,
11,low,16027,2142,600155284,182715490,
12,high,173853895,226167332,600155266,134085365,
12,low,16049,2149,600155285,182516982,
13,high,174067995,225953344,600155265,133910508,
13,low,15965,2132,600155276,182297950,
14,high,174225181,225796162,600155264,133831443,
14,low,16191,2131,600155285,182539877,
15,high,174504626,225516362,600155264,133754928,
15,low,16057,2171,600155285,182476808,
16,high,174529826,225491434,600155264,133783482,
16,low,15983,2178,600155283,182197837,
17,high,173954845,226066183,600155264,134048215,
17,low,15962,2172,600155276,182523679,
18,high,173184998,226835945,600155258,135315482,
18,low,16016,2167,600155285,182416102,
19,high,174271771,225749655,600155265,133879452,
19,low,15987,2154,600155285,182543037,
20,high,174813542,225207641,600155267,134285477,
20,low,16051,2157,600155284,182522819,
21,high,174277173,225743380,600155257,134811835,
21,low,15861,2127,600155276,182620402,
22,high,174378163,225643164,600155264,134436325,
22,low,16081,2125,600155276,182047926,
23,high,174388638,225631701,600155257,133822900,
23,low,15955,2199,600155283,182449675,
24,high,174317229,225704439,600155264,133802582,
24,low,15848,2107,600155284,182699749,
25,high,174216218,225804113,600155256,133903110,
25,low,15997,2113,600155284,182558960,
26,high,174491486,225529015,600155257,134705036,
26,low,15730,2098,600155284,182440300,
27,high,174510158,225509944,600155256,134684619,
27,low,15715,2043,600155284,183065368,
28,high,173975881,226044394,600155258,134924439,
28,low,16019,2122,600155284,182446337,
29,high,173825545,226194745,600155257,134938513,
29,low,15990,2120,600155285,182443628,
30,high,172880715,227139600,600155257,134493246,
30,low,15907,2148,600155285,182531582,
31,high,174621336,225399981,600155264,133653309,
31,low,16051,2135,600155276,182613206,
32,high,174494122,225527292,600155269,133814929,
32,low,16160,2149,600155285,182453800,
33,high,175017210,225003108,600155258,133547794,
33,low,16319,2218,600155276,182483658,
34,high,173948334,226071886,600155258,134018225,
34,low,15891,2156,600155284,182545312,
35,high,174028258,225993090,600155265,134018279,
35,low,15756,2154,600155284,182586876,
36,high,173681951,226338638,600155256,134140416,
36,low,15897,2085,600155275,182325109,
37,high,173848449,226174716,600155265,133851461,
37,low,16009,2109,600155278,182558472,
38,high,174564402,225456877,600155266,133698535,
38,low,15943,2164,600155286,182358382,
39,high,174293579,225727604,600155265,133859696,
39,low,15869,2139,600155275,182362883,
40,high,174556969,225464516,600155264,134467661,
40,low,16053,2157,600155283,182443058,
41,high,173948791,226071382,600155256,134017753,
41,low,15896,2185,600155284,182599965,
42,high,173256619,226765122,600155266,134323761,
42,low,16129,2135,600155276,182278361,
43,high,174037599,225983805,600155265,134014291,
43,low,15932,2003,600155285,182521677,
44,high,173146756,226873366,600155257,134378505,
44,low,15898,2158,600155284,182568827,
45,high,173948165,226071883,600155256,134017937,
45,low,15829,2119,600155286,182422818,
46,high,173852929,226168289,600155266,134083933,
46,low,15861,2153,600155276,182478721,
47,high,174835171,225185753,600155266,134216423,
47,low,15996,2144,600155284,182538810,
48,high,174037800,225984131,600155273,133887561,
48,low,15991,2112,600155284,182360545,
49,high,172835777,227184546,600155256,134516336,
49,low,15753,2132,600155287,182512179,
50,high,173604947,226415923,600155264,134200319,
50,low,16049,2200,600155287,182318578,
51,high,174097232,225925025,600155264,133948227,
51,low,16103,2121,600155283,182348197,
52,high,173813423,226207297,600155256,134094901,
52,low,15921,2104,600155283,182557772,
53,high,173770775,226250459,600155264,134127938,
53,low,15698,2116,600155293,182506211,
54,high,174180627,225840456,600155264,133952568,
54,low,15972,2168,600155281,182613929,
55,high,174184538,225836569,600155257,133698182,
55,low,16139,2168,600155284,182598308,
56,high,174215562,225804697,600155257,133902077,
56,low,15860,2115,600155283,182333308,
57,high,174417011,225604061,600155264,133792080,
57,low,15709,2126,600155285,182460980,
58,high,174545144,225476351,600155267,134148188,
58,low,16220,2186,600155284,182435017,
59,high,174281066,225740597,600155263,134589676,
59,low,15996,2175,600155284,182493049,
60,high,174779808,225240598,600155257,134576730,
60,low,15999,2109,600155277,182482852,
61,high,174839126,225182236,600155265,134209863,
61,low,15847,2085,600155284,182458326,
62,high,174127345,225893812,600155263,133910813,
62,low,16064,2136,600155283,182623480,
63,high,174008463,226013089,600155265,134526446,
63,low,15945,2097,600155284,182622049,
64,high,174205636,225815770,600155265,133939885,
64,low,15940,2156,600155284,182496639,
65,high,174520337,225500842,600155266,133674572,
65,low,15984,2093,600155284,182837204,
66,high,174073414,225949596,600155263,133948153,
66,low,16013,2131,600155275,182485209,
67,high,173589940,226431405,600155267,134216597,
67,low,15717,2103,600155286,182454493,
68,high,174542521,225478966,600155266,133739634,
68,low,15755,2135,600155283,182662043,
69,high,173949087,226071258,600155257,134022135,
69,low,16137,2178,600155285,182563842,
70,high,174532692,225488506,600155264,133737514,
70,low,16068,2159,600155283,182595146,
71,high,173183586,226837350,600155265,134915206,
71,low,15905,2082,600155284,182578823,
72,high,174536853,225484251,600155263,133784347,
72,low,15846,2142,600155283,182592929,
73,high,174259217,225762125,600155265,134456987,
73,low,15796,2153,600155283,182304827,
74,high,174482865,225537382,600155255,133781265,
74,low,16010,2158,600155275,182555174,
75,high,174098905,225922286,600155264,133969523,
75,low,15755,2080,600155283,182413020,
76,high,173681792,226338645,600155256,134136465,
76,low,16252,2175,600155284,182469520,
77,high,174169672,225851770,600155268,134319777,
77,low,15701,2163,600155284,182717481,
78,high,173878421,226142969,600155266,134034285,
78,low,15916,2150,600155294,182560534,
79,high,173982558,226038846,600155269,134037619,
79,low,15862,2124,600155284,182377433,
80,high,173346508,226674818,600155265,134238254,
80,low,16022,2186,600155284,182617654,
81,high,174491620,225529525,600155265,133776844,
81,low,15980,2069,600155276,182049407,
82,high,174986957,225034192,600155266,134226846,
82,low,16003,2104,600155275,182501395,
83,high,173778441,226242654,600155264,134122475,
83,low,16022,2120,600155284,182567986,
84,high,174534510,225486536,600155265,134684780,
84,low,16175,2167,600155277,182524531,
85,high,173566721,226455558,600155265,133930987,
85,low,15840,2115,600155285,182537110,
86,high,174291017,225730068,600155264,133897631,
86,low,15806,2086,600155278,182404149,
87,high,174241440,225779546,600155264,133919252,
87,low,15932,2214,600155287,182599210,
88,high,174096148,225925245,600155264,133920205,
88,low,15925,2139,600155283,182522513,
89,high,174537641,225483440,600155264,133733635,
89,low,15875,2142,600155284,182464267,
90,high,173958280,226062879,600155262,134047405,
90,low,15980,2152,600155283,182352327,
91,high,174517909,225503075,600155264,133791528,
91,low,15829,2101,600155284,182284107,
92,high,174920342,225100861,600155265,133619065,
92,low,15626,2087,600155286,182617955,
93,high,174269543,225751714,600155265,133912620,
93,low,16003,2158,600155285,182550030,
94,high,173720658,226299653,600155256,134121930,
94,low,16222,2165,600155284,182463936,
95,high,174519141,225500921,600155256,134707460,
95,low,15874,2151,600155285,182580187,
96,high,173592757,226430561,600155265,133970900,
96,low,16140,2098,600155286,182658933,
97,high,174167976,225853938,600155265,133981293,
97,low,16130,2172,600155276,182762040,
98,high,174014717,226008324,600155266,134105216,
98,low,15864,2093,600155277,182778912,
99,high,175206394,224814585,600155268,134250774,
99,low,15811,2070,600155277,182282543,
100,high,174419766,225601577,600155265,133784941,
100,low,15912,2159,600155284,182544731,
101,high,173639722,226381568,600155264,134137178,
101,low,16004,2131,600155284,182490311,
102,high,172769202,227252090,600155266,134574756,
102,low,15947,2106,600155285,182563948,
103,high,173661247,226359742,600155263,134830768,
103,low,16019,2086,600155284,182343492,
104,high,173843316,226180159,600155264,133940520,
104,low,15789,2091,600155287,182603202,
105,high,175316019,224704155,600155257,134338028,
105,low,16188,2120,600155277,182196211,
106,high,173434089,226587153,600155266,134205521,
106,low,15926,2119,600155286,182596371,
107,high,172879616,227141548,600155265,134489266,
107,low,15782,2090,600155276,182440997,
108,high,174002074,226018847,600155264,134023132,
108,low,15822,2093,600155285,182473354,
109,high,173822353,226198884,600155265,134100590,
109,low,16113,2078,600155283,182546313,
110,high,174451565,225569711,600155265,133678831,
110,low,15908,2088,600155284,182438986,
111,high,173643057,226379428,600155266,134080042,
111,low,15750,2142,600155284,182691073,
112,high,174154228,225867166,600155266,133901870,
112,low,16054,2093,600155285,182362280,
113,high,175017877,225003593,600155271,133573587,
113,low,15982,2153,600155284,182545312,
114,high,174908021,225113209,600155265,133583172,
114,low,15924,2053,600155286,182822188,
115,high,173947990,226072170,600155258,134016842,
115,low,15733,2100,600155276,182450774,
116,high,173413937,226606230,600155256,134256787,
116,low,15890,2116,600155284,182517021,
117,high,173864015,226157165,600155265,134088528,
117,low,15895,2130,600155286,182440243,
118,high,174831697,225189752,600155265,134219602,
118,low,15974,2199,600155284,182428258,
119,high,175217751,224803418,600155265,134105643,
119,low,15676,2071,600155289,182487992,
120,high,173989820,226031580,600155264,134583765,
120,low,15967,2125,600155285,182530716,
121,high,173884332,226137529,600155266,134121271,
121,low,15961,2144,600155283,182242376,
122,high,174328461,225692596,600155264,133878925,
122,low,15941,2129,600155284,182763829,
123,high,174750334,225270835,600155266,133694409,
123,low,15689,2093,600155283,182500451,
124,high,174772009,225249475,600155265,133691876,
124,low,16057,2110,600155284,182518728,
125,high,173146856,226873552,600155257,134376186,
125,low,16078,2075,600155284,182299679,
126,high,174558275,225462845,600155265,133778841,
126,low,16066,2108,600155284,182512269,
127,high,173754265,226267289,600155266,134043697,
127,low,16188,2183,600155283,182569763,
128,high,172345662,227674880,600155257,134732451,
128,low,15997,2131,600155284,182615770,
129,high,174647919,225373576,600155264,133696931,
129,low,16098,2182,600155283,182476758,
130,high,174177896,225843365,600155265,133895590,
130,low,15949,2156,600155276,182399232,
131,high,174252976,225768498,600155265,133915113,
131,low,16188,2157,600155285,182692228,
132,high,173677890,226343499,600155265,134090195,
132,low,15947,2146,600155276,182499626,
133,high,173858388,226163295,600155266,133828485,
133,low,15641,2240,600155284,182332838,
134,high,175017067,225003179,600155258,133542154,
134,low,15877,2122,600155286,182443725,
135,high,174236026,225784932,600155264,133922984,
135,low,15948,2115,600155277,182522478,
136,high,174486921,225536039,600155266,133919868,
136,low,15788,2115,600155285,182772850,
137,high,173647202,226374216,600155266,134186407,
137,low,16004,2192,600155284,182593612,
138,high,174790559,225230378,600155265,134252849,
138,low,15902,2054,600155285,182546485,
139,high,174197155,225824019,600155264,133904982,
139,low,16111,2119,600155284,182743044,
140,high,174866632,225154406,600155265,134278792,
140,low,16225,2161,600155284,182326215,
141,high,174398487,225622961,600155264,134571001,
141,low,15776,2103,600155285,182343104,
142,high,174443797,225577234,600155264,133801186,
142,low,15937,2065,600155284,182618826,
143,high,174235425,225785444,600155265,134575729,
143,low,15943,2229,600155284,182423827,
144,high,174068518,225952864,600155265,134633152,
144,low,16077,2130,600155275,182547823,
145,high,174258761,225762185,600155257,133913746,
145,low,16291,2168,600155286,182654315,
146,high,173537489,226483753,600155266,134226114,
146,low,15834,2134,600155277,182381338,
147,high,174210592,225810748,600155264,133895904,
147,low,16055,2114,600155275,182447594,
148,high,174169857,225851485,600155265,134533867,
148,low,15905,2108,600155284,182588065,
149,high,173708526,226314287,600155266,133963653,
149,low,16019,2181,600155284,182605008,
150,high,174334799,225686494,600155270,133838548,
150,low,16145,2166,600155285,182860824,
151,high,174786931,225233240,600155256,134590192,
151,low,16014,2126,600155284,182397009,
152,high,174550394,225472533,600155264,134173846,
152,low,15954,2115,600155277,182405895,
153,high,174771833,225249263,600155265,133683590,
153,low,16092,2174,600155283,182793723,
154,high,173551631,226468694,600155258,134141395,
154,low,15940,2179,600155285,182489583,
155,high,173210998,226810257,600155265,134338345,
155,low,16000,2174,600155276,182297226,
156,high,174215517,225804650,600155256,133898602,
156,low,16000,2145,600155278,182564434,
157,high,173415082,226605054,600155257,134253740,
157,low,16044,2136,600155286,182539149,
158,high,174239222,225781955,600155262,134577534,
158,low,15867,2148,600155285,182280063,
159,high,174761010,225260112,600155265,133687407,
159,low,15955,2179,600155283,182383304,
160,high,173066051,226955023,600155265,135069315,
160,low,15735,2162,600155284,182487552,
161,high,172842104,227179266,600155272,134550090,
161,low,15997,2214,600155285,182467088,
162,high,173900080,226121631,600155265,134072330,
162,low,15887,2097,600155278,182535211,
163,high,174214792,225806404,600155264,133900693,
163,low,16123,2115,600155278,182517693,
164,high,174514225,225505973,600155256,134693568,
164,low,15927,2147,600155285,182327262,
165,high,174133674,225887773,600155264,133970908,
165,low,15847,2107,600155284,182745608,
166,high,174340390,225679593,600155256,133842377,
166,low,15882,2150,600155286,182594808,
167,high,173411113,226610075,600155266,134251969,
167,low,15889,2103,600155284,182432255,
168,high,174247859,225773389,600155265,133909487,
168,low,16101,2155,600155283,182449310,
169,high,173829633,226191352,600155264,134036933,
169,low,16011,2161,600155276,182870255,
170,high,173870151,226151010,600155266,133998464,
170,low,16014,2116,600155284,182413702,
171,high,174249895,225771546,600155265,134269621,
171,low,16181,2173,600155284,182496118,
172,high,174174824,225846791,600155266,133903712,
172,low,15844,2112,600155284,182515139,
173,high,173706261,226313938,600155257,135034354,
173,low,15984,2146,600155284,182425034,
174,high,174273083,225747788,600155264,134584168,
174,low,15988,2116,600155275,182323705,
175,high,173623641,226397925,600155266,134188051,
175,low,16086,2159,600155284,182501564,
176,high,174020380,226000839,600155264,133958591,
176,low,16051,2096,600155284,182802067,
177,high,173375095,226646429,600155270,134260767,
177,low,16069,2178,600155276,182250110,
178,high,174670976,225350035,600155264,135002486,
178,low,15912,2080,600155283,182662387,
179,high,174749899,225270109,600155257,133662772,
179,low,15954,2165,600155285,182733915,
180,high,174283521,225736641,600155255,133870099,
180,low,15839,2152,600155284,182606923,
181,high,174120536,225900628,600155267,133976282,
181,low,15879,2139,600155286,182597610,
182,high,173758969,226262134,600155265,134132108,
182,low,15966,2045,600155284,182311443,
183,high,173889581,226131983,600155266,133988367,
183,low,15861,2132,600155285,182569823,
184,high,174212088,225809389,600155266,133943380,
184,low,16149,2149,600155283,184861291,
185,high,174128552,225892825,600155265,134501720,
185,low,15781,2077,600155276,182679750,
186,high,174056343,225964882,600155264,134000378,
186,low,15872,2046,600155285,182364435,
187,high,173774291,226246815,600155265,134622360,
187,low,15896,2117,600155283,182489579,
188,high,173909608,226111667,600155265,134608657,
188,low,15851,2103,600155284,182472941,
189,high,173888711,226134912,600155267,133955033,
189,low,16017,2130,600155284,182471673,
190,high,172817370,227203242,600155256,134512193,
190,low,16077,2143,600155284,182749811,
191,high,174199123,225822064,600155265,133937646,
191,low,16075,2103,600155275,182434820,
192,high,174269482,225754415,600155265,133854589,
192,low,15824,2124,600155289,182877005,
193,high,173817407,226205515,600155264,133734462,
193,low,15737,2060,600155284,182651768,
194,high,172996307,227025357,600155266,134392104,
194,low,15851,2138,600155284,182678596,
195,high,173973542,226047683,600155264,133980073,
195,low,16011,2156,600155283,182522226,
196,high,174030449,225991158,600155264,134524673,
196,low,16052,2132,600155285,182521667,
197,high,173773502,226247467,600155266,134025703,
197,low,15944,2177,600155277,182442111,
198,high,173888506,226132758,600155264,134020200,
198,low,15935,2114,600155285,182468517,
199,high,174482786,225537400,600155255,133781376,
199,low,16037,2133,600155275,181972920,
200,high,173187193,226833849,600155264,134335926,
200,low,16239,2166,600155285,182709271,
201,high,174558144,225462786,600155263,133771712,
201,low,15897,2102,600155285,182741449,
202,high,173749849,226270194,600155256,134105608,
202,low,15878,2113,600155276,182557830,
203,high,174505965,225515378,600155265,133771682,
203,low,16030,2121,600155275,182321951,
204,high,174749783,225270466,600155256,133663462,
204,low,15813,2089,600155277,182492526,
205,high,173306812,226713481,600155256,134302139,
205,low,15899,2171,600155284,182395122,
206,high,174215696,225804118,600155256,133898205,
206,low,16100,2191,600155285,182416417,
207,high,174215650,225804772,600155255,133897351,
207,low,15827,2152,600155285,182476930,
208,high,174113940,225908356,600155269,133984809,
208,low,16073,2145,600155286,182430048,
209,high,174327186,225693628,600155256,133792957,
209,low,16243,2113,600155276,182598304,
210,high,173563001,226458222,600155265,134219895,
210,low,16001,2096,600155284,182592500,
211,high,173051776,226969758,600155265,134390493,
211,low,15970,2128,600155275,182452026,
212,high,173981786,226039704,600155266,134584345,
212,low,15840,2122,600155284,182491682,
213,high,174109577,225911579,600155265,133965762,
213,low,16084,2129,600155288,182374955,
214,high,174216340,225803997,600155256,133900324,
214,low,16109,2202,600155284,182401276,
215,high,174138979,225882007,600155266,134558050,
215,low,16216,2194,600155275,182291510,
216,high,174500542,225520856,600155264,133748821,
216,low,15867,2092,600155285,182524199,
217,high,174173657,225847364,600155257,133804449,
217,low,15885,2161,600155276,182426692,
218,high,174401948,225618890,600155266,135154808,
218,low,15852,2093,600155284,182532674,
219,high,174215782,225804355,600155258,133899068,
219,low,15975,2111,600155288,182667166,
220,high,173371863,226649111,600155265,134179396,
220,low,15937,2158,600155284,182313712,
221,high,175004604,225016749,600155265,135758238,
221,low,15769,2104,600155284,182538113,
222,high,174088782,225933076,600155257,133594339,
222,low,16119,2178,600155283,182760623,
223,high,174750087,225270279,600155257,133664157,
223,low,15936,2098,600155275,181894459,
224,high,174404819,225616502,600155266,133839699,
224,low,16071,2185,600155283,182517056,
225,high,173339199,226684203,600155264,134024281,
225,low,16024,2158,600155275,182380385,
226,high,173960976,226060210,600155256,133818626,
226,low,15893,2109,600155285,182770758,
227,high,174249405,225770934,600155258,134825575,
227,low,16100,2138,600155283,182493729,
228,high,173144889,226890025,600155264,136466613,
228,low,15977,2126,600155283,182541934,
229,high,173823745,226199604,600155265,133861993,
229,low,16150,2096,600155284,182320506,
230,high,173446466,226576540,600155266,134012390,
230,low,15767,2103,600155287,182787103,
231,high,174479848,225541600,600155266,134660262,
231,low,15873,2135,600155283,182468309,
232,high,173223787,226797372,600155265,134234411,
232,low,15910,2105,600155283,182516313,
233,high,173635847,226385348,600155266,134763760,
233,low,16041,2155,600155312,182433608,
234,high,174458753,225562621,600155264,133817651,
234,low,16174,2172,600155285,182667880,
235,high,173370259,226652394,600155264,134723160,
235,low,15799,2112,600155276,182427476,
236,high,174432611,225588604,600155265,134483336,
236,low,15750,2158,600155275,182401295,
237,high,173846508,226174488,600155265,134689401,
237,low,15868,2136,600155284,182289364,
238,high,174696609,225324791,600155266,133674808,
238,low,16101,2158,600155284,182519710,
239,high,174269739,225751663,600155264,133908477,
239,low,15811,2115,600155285,182691031,
240,high,174023491,225997598,600155265,134597888,
240,low,15896,2139,600155276,182197504,
241,high,174618487,225402942,600155266,133747107,
241,low,15834,2158,600155284,182512014,
242,high,173756706,226264585,600155267,134130424,
242,low,15937,2132,600155284,182538137,
243,high,174237016,225784206,600155264,134573083,
243,low,15893,2181,600155283,182540066,
244,high,173682022,226338276,600155257,134141031,
244,low,15742,2122,600155284,182455139,
245,high,172077984,227942103,600155256,134850327,
245,low,15954,2139,600155277,182401659,
246,high,174457504,225563450,600155265,134441017,
246,low,15934,2121,600155286,182523454,
247,high,173568487,226456650,600155266,134233380,
247,low,16001,2100,600155284,182468947,
248,high,173591064,226431519,600155265,134061445,
248,low,16202,2129,600155304,182528067,
249,high,174405752,225615718,600155265,134410127,
249,low,15941,2137,600155284,182536474,
250,high,174242397,225778915,600155266,133864837,
250,low,15925,2148,600155276,182518469,
251,high,173681869,226338121,600155258,134135442,
251,low,15904,2087,600155275,182305908,
252,high,174981255,225039611,600155266,134226512,
252,low,16204,2143,600155278,182403513,
253,high,174231738,225789365,600155265,134278249,
253,low,16090,2162,600155285,182615438,
254,high,174420238,225600802,600155265,133761516,
254,low,16161,2141,600155285,182565420,
255,high,173744929,226275341,600155255,134107657,
255,low,15766,2103,600155276,182515356,
256,high,174193334,225826754,600155259,134849797,
256,low,16030,2129,600155285,182467959,
257,high,174104506,225916742,600155264,133952507,
257,low,15962,2119,600155285,182357979,
258,high,173995705,226025462,600155264,133994239,
258,low,16067,2127,600155285,182519007,
259,high,173842301,226178884,600155266,134089358,
259,low,15662,2104,600155285,182429146,
260,high,173211220,226810251,600155265,134338957,
260,low,15990,2185,600155285,182404829,
261,high,173974220,226045853,600155258,134007180,
261,low,16005,2103,600155277,182398679,
262,high,174063803,225957528,600155265,133848541,
262,low,16033,2138,600155284,182653176,
263,high,174152900,225868501,600155265,133961974,
263,low,15985,2158,600155276,182659454,
264,high,173853935,226167286,600155268,134010528,
264,low,15962,2101,600155284,182414398,
265,high,174130041,225891318,600155266,134600878,
265,low,16117,2212,600155284,182533520,
266,high,174002531,226018487,600155264,134020034,
266,low,15772,2133,600155284,182477854,
267,high,173952481,226069298,600155265,133971470,
267,low,15718,2098,600155284,182454692,
268,high,174808193,225212896,600155266,134581432,
268,low,16126,2214,600155286,182413031,
269,high,174518637,225502665,600155265,133801005,
269,low,15922,2159,600155283,182413423,
270,high,174562300,225459435,600155265,134309099,
270,low,15824,2070,600155276,182447302,
271,high,174220225,225800888,600155264,134615838,
271,low,16010,2193,600155284,182361367,
272,high,173644545,226376894,600155265,134157858,
272,low,16065,2162,600155285,182373576,
273,high,174269738,225751412,600155267,133911568,
273,low,15884,2150,600155284,182121008,
274,high,174246982,225773239,600155259,134818930,
274,low,15854,2168,600155283,182559352,
275,high,172879866,227140318,600155256,134493009,
275,low,15851,2083,600155285,182628433,
276,high,173019036,227002325,600155266,134455559,
276,low,15864,2076,600155285,182559974,
277,high,174001915,226019470,600155266,133962152,
277,low,15764,2099,600155285,182383891,
278,high,173845010,226176286,600155264,134095615,
278,low,15889,2108,600155284,182507662,
279,high,174492093,225529095,600155265,133770254,
279,low,16064,2141,600155284,182626750,
280,high,173834448,226187078,600155264,134001247,
280,low,15984,2115,600155285,182763446,
281,high,172674261,227346970,600155266,134562894,
281,low,15882,2139,600155285,182474345,
282,high,174413451,225607465,600155264,133784928,
282,low,15837,2099,600155285,182722339,
283,high,174684651,225336604,600155265,134279293,
283,low,16168,2182,600155284,182517858,
284,high,174387588,225633958,600155266,134205027,
284,low,15954,2143,600155284,182731621,
285,high,173999093,226022039,600155266,134018936,
285,low,16040,2138,600155275,182642922,
286,high,174224079,225797911,600155266,133947163,
286,low,16022,2159,600155276,182619908,
287,high,174752392,225269280,600155256,133719375,
287,low,15704,2076,600155278,182445260,
288,high,174716436,225304902,600155265,134349999,
288,low,16191,2208,600155284,182296320,
289,high,173399251,226623650,600155264,133950277,
289,low,15909,2104,600155284,182450481,
290,high,174077279,225944048,600155265,133992932,
290,low,15920,2126,600155285,182348139,
291,high,173681406,226338679,600155257,134135780,
291,low,16066,2134,600155283,182381782,
292,high,174334003,225687204,600155265,133824376,
292,low,15924,2145,600155284,182500600,
293,high,174258596,225762486,600155264,133907245,
293,low,15694,2081,600155284,182540428,
294,high,174772095,225249295,600155262,133682051,
294,low,16089,2161,600155283,182635127,
295,high,174643332,225377800,600155266,134316810,
295,low,16011,2210,600155283,182638155,
296,high,174050288,225971619,600155264,134023576,
296,low,15903,2131,600155283,182515317,
297,high,174648545,225372841,600155264,133739198,
297,low,15966,2183,600155285,182719632,
298,high,174959634,225061186,600155265,134251098,
298,low,15708,2079,600155286,182584735,
299,high,173591180,226430104,600155265,134153687,
299,low,15800,2102,600155283,182316072,
300,high,174432486,225588627,600155266,134371255,
300,low,16012,2157,600155286,182577504,
301,high,173414954,226605129,600155256,134253530,
301,low,16156,2162,600155284,182450144,
302,high,173591566,226429606,600155267,134157342,
302,low,16150,2206,600155283,182264742,
303,high,173791022,226230664,600155265,135113425,
303,low,15848,2132,600155284,182404390,
304,high,174056839,225964357,600155266,135267237,
304,low,15928,2087,600155285,182433669,
305,high,174333814,225687136,600155263,133869101,
305,low,16050,2138,600155285,182588843,
306,high,174217749,225803596,600155264,133931855,
306,low,15901,2108,600155286,182318623,
307,high,173682437,226337933,600155257,134136845,
307,low,15712,2038,600155284,182473874,
308,high,173414503,226605821,600155255,134257569,
308,low,16034,2099,600155276,182481389,
309,high,174782379,225238579,600155265,133669299,
309,low,15854,2089,600155285,182421953,
310,high,173413586,226607202,600155263,134274670,
310,low,16043,2117,600155284,182396055,
311,high,173473689,226547949,600155266,134818156,
311,low,15885,2124,600155284,182512015,
312,high,174188832,225832083,600155264,134606050,
312,low,15958,2128,600155284,182398697,
313,high,173719574,226300408,600155258,135071242,
313,low,15908,2121,600155276,182865142,
314,high,173394539,226627123,600155266,134292843,
314,low,16035,2149,600155283,182892760,
315,high,174553277,225468035,600155265,133740327,
315,low,15879,2166,600155283,182439192,
316,high,172613660,227406749,600155257,134612022,
316,low,15902,2118,600155286,182546049,
317,high,174518233,225503258,600155264,133789953,
317,low,15810,2129,600155284,182563919,
318,high,173587693,226434296,600155265,134001354,
318,low,16035,2140,600155285,182472699,
319,high,174384722,225636341,600155265,133806588,
319,low,16109,2185,600155285,182639197,
320,high,174576858,225444359,600155265,133668772,
320,low,15782,2123,600155286,182504173,
321,high,173492798,226528603,600155264,134261003,
321,low,15779,2093,600155283,182408805,
322,high,174255709,225764870,600155258,134842156,
322,low,16032,2130,600155284,182375632,
323,high,173846178,226175145,600155264,134093745,
323,low,15925,2083,600155278,182679942,
324,high,174267637,225753463,600155265,134469849,
324,low,15684,2077,600155277,182313374,
325,high,172915248,227105090,600155256,135414625,
325,low,15957,2141,600155283,182628919,
326,high,173943935,226077501,600155266,134043723,
326,low,15900,2103,600155285,182324432,
327,high,174463930,225558464,600155266,133754955,
327,low,15928,2089,600155285,182423910,
328,high,174146786,225874322,600155266,133856835,
328,low,15905,2261,600155283,182270398,
329,high,173147008,226873229,600155257,134373702,
329,low,15990,2173,600155285,182293129,
330,high,174755637,225265635,600155262,133694212,
330,low,16123,2128,600155286,182437108,
331,high,173864553,226156705,600155266,134086684,
331,low,15941,2178,600155284,182489279,
332,high,174270707,225750201,600155263,133864364,
332,low,16009,2196,600155285,182397477,
333,high,173879636,226143577,600155272,134152168,
333,low,15909,2172,600155283,182291444,
334,high,174329355,225692136,600155270,133886808,
334,low,15968,2030,600155285,182594030,
335,high,173657894,226363498,600155266,134154276,
335,low,15919,2127,600155286,183073966,
336,high,174405919,225615365,600155266,133849600,
336,low,15869,2140,600155285,182585873,
337,high,173782897,226246953,600155265,134318747,
337,low,16055,2135,600155284,182405023,
338,high,173414191,226606935,600155266,134286193,
338,low,16021,2128,600155275,182197961,
339,high,173940554,226080191,600155264,134691262,
339,low,16012,2113,600155287,182625287,
340,high,174645294,225375863,600155264,133693740,
340,low,16020,2147,600155285,182712332,
341,high,173652291,226367993,600155258,134108312,
341,low,15852,2171,600155285,182601775,
342,high,174215885,225804420,600155257,133901203,
342,low,15839,2077,600155286,182555380,
343,high,174146905,225874371,600155265,133922236,
343,low,16080,2197,600155284,182868139,
344,high,173831237,226190002,600155266,134090475,
344,low,15840,2126,600155284,182519316,
345,high,174285998,225734171,600155257,135752767,
345,low,15944,2106,600155277,182324197,
346,high,174396433,225624657,600155266,133797842,
346,low,15963,2104,600155277,182484514,
347,high,174538706,225482830,600155264,134407038,
347,low,16105,2261,600155285,182602449,
348,high,174482922,225537418,600155255,133780710,
348,low,15819,2098,600155285,182665004,
349,high,174209989,225811255,600155266,133899470,
349,low,16010,2114,600155290,182442529,
350,high,174633224,225388292,600155264,133738327,
350,low,16121,2127,600155276,182351784,
351,high,173861332,226160124,600155266,134009399,
351,low,15921,2059,600155285,182652741,
352,high,174095674,225925369,600155266,134605964,
352,low,16021,2133,600155284,182798710,
353,high,174384065,225636951,600155265,134461246,
353,low,15913,2144,600155284,182659220,
354,high,173226280,226795115,600155265,134365111,
354,low,16047,2185,600155284,182606071,
355,high,173948458,226071845,600155256,134019255,
355,low,16252,2157,600155277,182514572,
356,high,174280343,225740913,600155265,134516747,
356,low,15746,2061,600155287,182504020,
357,high,174045381,225976215,600155264,134000770,
357,low,16057,2150,600155285,182559505,
358,high,174215306,225804714,600155255,133900777,
358,low,15859,2091,600155284,182555302,
359,high,174569019,225452197,600155265,133763342,
359,low,16094,2143,600155286,182731211,
360,high,174012319,226008742,600155267,134643608,
360,low,15767,2083,600155285,182361163,
361,high,174825367,225195852,600155265,133651878,
361,low,15951,2097,600155276,182556413,
362,high,173357689,226663445,600155264,134261662,
362,low,16143,2161,600155285,182497076,
363,high,174749888,225270066,600155256,133659771,
363,low,16052,2138,600155285,182470671,
364,high,174291006,225730097,600155264,133885788,
364,low,16121,2193,600155284,182387242,
365,high,173757894,226263400,600155265,134761785,
365,low,16113,2175,600155275,182539015,
366,high,173443811,226578003,600155266,134054241,
366,low,15815,2102,600155284,182525082,
367,high,173283125,226738195,600155265,134314990,
367,low,15752,2148,600155285,182430356,
368,high,174281529,225740230,600155266,133923322,
368,low,16167,2180,600155277,182622365,
369,high,173681460,226338525,600155257,134139869,
369,low,15920,2115,600155285,182802777,
370,high,173486747,226535859,600155273,134223502,
370,low,16047,2151,600155285,182625464,
371,high,174769603,225251806,600155265,134239701,
371,low,15816,2094,600155284,182550690,
372,high,174692164,225329119,600155265,133776339,
372,low,15725,2073,600155283,182579260,
373,high,173911834,226109365,600155264,134015783,
373,low,16151,2193,600155286,182580042,
374,high,173613649,226407716,600155265,134199480,
374,low,15973,2150,600155284,182509793,
375,high,174362703,225659348,600155266,133843824,
375,low,16133,2171,600155275,182626203,
376,high,174151366,225869987,600155265,133958414,
376,low,16031,2176,600155285,182734759,
377,high,174750495,225270673,600155264,133691727,
377,low,16082,2162,600155285,182649417,
378,high,172908724,227111533,600155257,135399628,
378,low,16147,2199,600155277,182624752,
379,high,173610119,226411196,600155265,134195816,
379,low,16086,2159,600155278,182483316,
380,high,174301216,225719921,600155265,133832949,
380,low,15759,2100,600155288,182667185,
381,high,174628307,225393222,600155265,133689644,
381,low,15980,2122,600155276,182517431,
382,high,174232151,225788707,600155291,133908262,
382,low,15897,2103,600155285,182535133,
383,high,174325287,225696133,600155265,134356954,
383,low,15739,2092,600155275,182657274,
384,high,172917035,227103032,600155257,135422407,
384,low,15748,2084,600155286,182580271,
385,high,173933065,226088506,600155265,133981453,
385,low,16076,2192,600155276,182278091,
386,high,174122601,225898886,600155266,133914193,
386,low,15990,2116,600155285,182576846,
387,high,173926151,226095643,600155265,133896947,
387,low,15727,2070,600155285,182623703,
388,high,173906615,226114926,600155264,133936016,
388,low,15841,2109,600155285,182377342,
389,high,174246119,225774834,600155264,133825452,
389,low,16045,2110,600155284,182266615,
390,high,174344208,225677215,600155265,133899572,
390,low,16097,2170,600155287,182622141,
391,high,174750413,225270953,600155265,133698444,
391,low,16009,2116,600155285,182646629,
392,high,174674578,225347292,600155266,133684308,
392,low,16095,2099,600155276,182288751,
393,high,173622444,226398240,600155257,134160431,
393,low,16057,2139,600155285,182515815,
394,high,173960296,226061143,600155264,134034903,
394,low,15940,2166,600155288,182641486,
395,high,173702341,226320519,600155269,134111623,
395,low,16071,2132,600155286,182581068,
396,high,173061090,226959937,600155265,134385433,
396,low,15632,2051,600155277,182460976,
397,high,173740973,226280328,600155268,134005172,
397,low,15943,2136,600155285,182580725,
398,high,173270221,226751054,600155296,134345627,
398,low,16141,2087,600155276,182513558,
399,high,174165354,225854860,600155257,133852890,
399,low,16084,2213,600155283,182356440,
400,high,174159343,225862152,600155268,134564224,
400,low,16061,2138,600155283,182442224,
401,high,173919912,226101659,600155268,133895887,
401,low,16058,2097,600155278,182323796,
402,high,174233277,225787975,600155262,133775855,
402,low,15877,2096,600155285,182588064,
403,high,174484271,225536335,600155256,133778528,
403,low,15961,2174,600155283,182686202,
404,high,174652171,225369923,600155267,133619582,
404,low,15976,2183,600155283,182484823,
405,high,173498467,226523183,600155266,134203494,
405,low,15937,2138,600155285,182463653,
406,high,174695384,225325870,600155269,133713124,
406,low,15846,2112,600155286,182331985,
407,high,173585090,226435343,600155257,134180921,
407,low,15956,2156,600155287,182468571,
408,high,173515040,226505038,600155257,133973281,
408,low,16193,2191,600155285,182469666,
409,high,173841188,226179412,600155258,134038361,
409,low,15861,2089,600155284,182522317,
410,high,174590671,225430716,600155265,135067637,
410,low,15804,2049,600155284,182472138,
411,high,174350144,225671459,600155266,133881837,
411,low,15901,2083,600155285,182564017,
412,high,174220986,225800197,600155263,133916972,
412,low,16189,2158,600155283,182474929,
413,high,173565979,226455628,600155267,134119086,
413,low,16080,2111,600155285,182690016,
414,high,173703550,226317595,600155264,134145877,
414,low,15950,2093,600155286,182520514,
415,high,173871155,226149930,600155263,134005221,
415,low,15860,2164,600155284,182559663,
416,high,174525788,225495175,600155264,133788050,
416,low,16036,2156,600155288,182542387,
417,high,174287011,225734602,600155263,133873211,
417,low,16053,2028,600155277,182391947,
418,high,174702256,225319349,600155266,134360767,
418,low,15831,2121,600155283,182527847,
419,high,174694675,225326606,600155264,133662840,
419,low,15788,2041,600155285,182573100,
420,high,173553093,226468466,600155266,134098914,
420,low,16088,2149,600155285,182680205,
421,high,174237001,225783952,600155266,133914748,
421,low,16172,2153,600155277,182400532,
422,high,174639093,225383260,600155265,133701365,
422,low,16037,2155,600155284,182461848,
423,high,173407629,226613365,600155257,134306729,
423,low,15925,2101,600155276,182165449,
424,high,174143069,225878125,600155265,133844844,
424,low,15963,2130,600155286,182600920,
425,high,173607894,226413363,600155265,134202687,
425,low,15762,2057,600155275,182327670,
426,high,172533194,227490659,600155268,134500288,
426,low,16130,2123,600155291,182497234,
427,high,174522820,225498960,600155266,134356081,
427,low,15799,2065,600155276,182404723,
428,high,173948634,226071355,600155255,134017990,
428,low,15915,2073,600155285,182399294,
429,high,174967496,225053550,600155266,134273549,
429,low,15879,2071,600155284,182498899,
430,high,174039445,225981642,600155265,133871496,
430,low,15910,2111,600155285,182664659,
431,high,174247297,225773020,600155257,134817999,
431,low,15662,2109,600155286,182495109,
432,high,173086833,226934057,600155256,134404187,
432,low,16078,2181,600155276,182253317,
433,high,174099277,225922131,600155264,133984187,
433,low,15971,2104,600155284,182510605,
434,high,174953604,225067752,600155264,134232405,
434,low,15896,2178,600155288,182579301,
435,high,174815183,225205861,600155264,133661689,
435,low,15990,2126,600155285,182714230,
436,high,174230174,225790809,600155265,133913484,
436,low,15987,2139,600155276,182519462,
437,high,173681418,226338726,600155255,134135897,
437,low,15966,2092,600155283,182267159,
438,high,174778686,225242542,600155266,134469510,
438,low,16009,2138,600155276,182352630,
439,high,173176554,226844397,600155264,134886594,
439,low,15975,2214,600155283,182314705,
440,high,174394186,225627006,600155265,134714826,
440,low,15841,2066,600155276,182370269,
441,high,173414245,226605978,600155256,134258166,
441,low,16247,2125,600155283,182604327,
442,high,174999850,225021736,600155265,133598864,
442,low,15751,2061,600155286,182473453,
443,high,173648963,226372100,600155266,134174234,
443,low,15977,2117,600155277,182327081,
444,high,174643878,225377211,600155265,133739954,
444,low,15909,2076,600155275,182512298,
445,high,174434037,225586899,600155264,134485923,
445,low,15987,2188,600155284,182623083,
446,high,174048621,225972570,600155265,134623259,
446,low,15858,2099,600155285,182502069,
447,high,174227303,225793860,600155264,133919040,
447,low,16065,2156,600155285,182350217,
448,high,174482645,225537584,600155258,133784769,
448,low,15880,2120,600155284,182522352,
449,high,174454553,225566768,600155264,133793410,
449,low,15844,2144,600155286,182611566,
450,high,174219779,225801746,600155264,133730630,
450,low,15872,2157,600155284,182625966,
451,high,174063944,225957201,600155265,133876024,
451,low,15785,2099,600155285,182381991,
452,high,174038972,225982593,600155266,133918808,
452,low,16112,2110,600155285,182633150,
453,high,173919072,226101604,600155256,134045487,
453,low,15899,2131,600155284,182405169,
454,high,174216917,225803514,600155257,133912737,
454,low,16106,2143,600155275,182609099,
455,high,173769228,226251658,600155265,134091495,
455,low,15903,2139,600155283,182306346,
456,high,174156151,225865163,600155267,134147821,
456,low,16100,2172,600155284,182584320,
457,high,175055993,224964166,600155257,134478111,
457,low,16042,2163,600155286,182668323,
458,high,174431488,225589965,600155266,133857435,
458,low,15969,2193,600155283,182487183,
459,high,172967832,227053394,600155266,134376559,
459,low,15960,2112,600155284,182563708,
460,high,175170116,224851123,600155265,134124703,
460,low,15924,2163,600155287,182553999,
461,high,174338776,225683380,600155264,133823585,
461,low,15913,2153,600155285,182678073,
462,high,174919084,225103301,600155268,133603649,
462,low,15914,2143,600155312,182698537,
463,high,173681194,226338870,600155256,134137683,
463,low,15903,2205,600155285,182580681,
464,high,173769458,226251688,600155256,134098981,
464,low,16196,2220,600155277,182476499,
465,high,174067630,225953556,600155266,133896221,
465,low,16014,2076,600155290,182495457,
466,high,174363651,225657081,600155264,134713305,
466,low,15854,2119,600155276,182482668,
467,high,174482505,225537738,600155256,133779090,
467,low,16056,2138,600155286,182530467,
468,high,174933491,225087816,600155266,133616320,
468,low,16016,2134,600155284,182614531,
469,high,174073299,225948463,600155265,134589249,
469,low,15901,2138,600155285,182504309,
470,high,174208519,225812745,600155264,133924870,
470,low,15951,2112,600155275,182559608,
471,high,174253516,225767941,600155264,133925162,
471,low,16010,2152,600155284,182614228,
472,high,174636918,225384474,600155268,133688995,
472,low,15904,2141,600155285,182558844,
473,high,174451667,225569974,600155264,133838070,
473,low,16004,2171,600155283,182656520,
474,high,174433922,225587325,600155265,133837453,
474,low,16034,2195,600155284,182633420,
475,high,173908111,226113096,600155266,134060186,
475,low,16147,2179,600155287,182696984,
476,high,173836431,226184576,600155264,134800589,
476,low,16116,2130,600155276,182553156,
477,high,174314988,225706640,600155270,133891475,
477,low,15927,2190,600155284,182566730,
478,high,174215307,225804744,600155256,133900255,
478,low,15757,2085,600155287,182460816,
479,high,174164892,225856492,600155267,133868423,
479,low,15904,2156,600155275,182413705,
480,high,174331580,225689473,600155264,133849455,
480,low,15996,2085,600155284,182552488,
481,high,174482695,225537545,600155256,133780413,
481,low,16192,2164,600155276,182808990,
482,high,174847761,225173536,600155264,134251685,
482,low,16053,2162,600155284,182542018,
483,high,174314812,225706619,600155265,133840816,
483,low,16037,2144,600155283,182536196,
484,high,173680968,226339227,600155255,134139000,
484,low,15810,2109,600155284,182461221,
485,high,174251298,225768900,600155256,134826196,
485,low,16082,2093,600155286,182554886,
486,high,174668355,225352851,600155265,133701550,
486,low,16062,2181,600155283,182489089,
487,high,174402485,225618898,600155265,134409656,
487,low,15682,2110,600155277,182368479,
488,high,171997155,228024127,600155266,134861238,
488,low,16144,2139,600155283,182507913,
489,high,174601200,225419812,600155293,133752448,
489,low,15915,2133,600155284,182770923,
490,high,173413424,226606701,600155258,134256207,
490,low,15985,2210,600155286,182543653,
491,high,174065345,225955770,600155264,133951337,
491,low,15795,2062,600155285,182509719,
492,high,174539701,225481490,600155265,133701698,
492,low,16052,2161,600155284,182404481,
493,high,174047478,225973676,600155265,133968058,
493,low,16056,2173,600155275,182667963,
494,high,175017646,225003598,600155264,133569542,
494,low,15888,2115,600155287,182594237,
495,high,173567486,226453764,600155267,134766227,
495,low,15981,2135,600155276,182380583,
496,high,173413651,226606562,600155258,134260215,
496,low,15930,2120,600155285,182668299,
497,high,173831780,226189464,600155265,134096580,
497,low,16007,2103,600155285,182635322,
498,high,174223637,225797746,600155264,133914040,
498,low,16334,2150,600155277,182644988,
499,high,175027226,224993806,600155266,134485696,
499,low,16273,2166,600155277,182283778,
500,high,173948375,226071931,600155256,134018069,
500,low,16041,2166,600155275,182496984,
501,high,174091055,225930518,600155266,133920970,
501,low,16029,2117,600155276,182527785,
502,high,172951890,227069243,600155264,134418993,
502,low,15890,2122,600155291,182408488,
503,high,174341680,225679342,600155264,134481676,
503,low,15931,2141,600155276,182342363,
504,high,174801912,225219315,600155266,133671471,
504,low,15827,2188,600155283,182499002,
505,high,173867437,226153677,600155266,134681706,
505,low,15810,2103,600155284,182558062,
506,high,173951240,226070098,600155265,133888289,
506,low,15910,2114,600155284,182419621,
507,high,173010941,227010203,600155264,134245715,
507,low,15974,2107,600155276,182433986,
508,high,174232048,225789138,600155264,133910976,
508,low,15939,2072,600155285,182687114,
509,high,174106052,225915222,600155264,133924604,
509,low,15852,2132,600155287,182646006,
510,high,173923950,226098066,600155265,134090130,
510,low,15699,2062,600155285,182416603,
511,high,174761157,225260080,600155265,133680537,
511,low,16035,2138,600155285,182638103,
512,high,174216020,225805291,600155266,133936658,
512,low,16131,2150,600155313,182494278,
513,high,174267271,225753900,600155266,133867799,
513,low,15885,2107,600155284,182554408,
514,high,174724165,225296766,600155265,133697188,
514,low,16015,2089,600155276,182516199,
515,high,172873313,227147781,600155266,134400519,
515,low,16034,2230,600155285,182631197,
516,high,174586030,225435693,600155268,134261726,
516,low,15966,2111,600155304,182807690,
517,high,174526395,225494764,600155263,134358924,
517,low,16321,2176,600155284,182524062,
518,high,174435696,225585281,600155265,133793505,
518,low,16123,2136,600155284,182636212,
519,high,173146247,226873979,600155256,134375748,
519,low,15929,2107,600155284,182372170,
520,high,173577660,226443344,600155265,134799287,
520,low,15888,2110,600155285,182687382,
521,high,174893322,225127624,600155264,134212909,
521,low,16299,2181,600155286,182453580,
522,high,173031939,226990530,600155265,134290780,
522,low,15917,2175,600155284,182432229,
523,high,173925905,226095098,600155265,133956722,
523,low,16033,2144,600155283,182343615,
524,high,173794371,226227109,600155265,134112048,
524,low,16137,2135,600155285,182587960,
525,high,173493596,226528229,600155265,134164785,
525,low,16042,2120,600155284,182425255,
526,high,174691657,225329360,600155265,133674365,
526,low,15779,2083,600155283,182272901,
527,high,173626912,226394500,600155266,134115733,
527,low,16084,2177,600155283,182777936,
528,high,173935308,226086034,600155267,134002252,
528,low,15916,2092,600155284,182559761,
529,high,173950133,226072380,600155266,134242849,
529,low,15826,2078,600155285,182636853,
530,high,174413656,225606559,600155257,134761658,
530,low,16097,2118,600155283,182738055,
531,high,173357247,226664089,600155265,134274359,
531,low,15862,2110,600155276,182398144,
532,high,172866785,227154307,600155265,134493002,
532,low,15754,2157,600155285,182382640,
533,high,173229878,226792124,600155265,134320024,
533,low,16166,2200,600155282,182477945,
534,high,173492522,226530282,600155264,134478802,
534,low,16141,2135,600155277,182552573,
535,high,173413638,226606612,600155256,134258399,
535,low,15956,2155,600155284,182397438,
536,high,172880494,227139842,600155256,134494028,
536,low,16048,2210,600155285,182640705,
537,high,173994054,226027962,600155266,133866843,
537,low,15966,2117,600155278,182516022,
538,high,174341333,225680504,600155270,133855025,
538,low,15739,2099,600155286,182504170,
539,high,174312140,225710106,600155266,133858555,
539,low,16044,2175,600155276,182387390,
540,high,173721076,226300098,600155267,134092708,
540,low,16165,2181,600155285,182535763,
541,high,174741458,225280737,600155266,133624776,
541,low,15988,2124,600155284,182479352,
542,high,174786880,225233343,600155258,134593007,
542,low,15902,2071,600155285,182449736,
543,high,173200818,226820497,600155265,134239124,
543,low,15925,2158,600155284,182653350,
544,high,173679146,226341727,600155265,134128814,
544,low,15938,2162,600155282,182595217,
545,high,173997500,226023787,600155265,133985712,
545,low,15979,2187,600155276,182649163,
546,high,172649089,227371286,600155258,135543026,
546,low,15789,2105,600155284,182664043,
547,high,173784473,226237875,600155265,134095318,
547,low,15993,2136,600155284,182538024,
548,high,174786320,225233865,600155256,134590620,
548,low,16105,2163,600155276,182482042,
549,high,174792658,225228334,600155263,133665667,
549,low,16047,2163,600155276,182397571,
550,high,174253655,225767482,600155265,133873750,
550,low,16048,2141,600155282,182212589,
551,high,174321176,225700129,600155266,133788008,
551,low,15801,2127,600155283,182423752,
552,high,173987713,226033267,600155264,134643438,
552,low,15763,2089,600155285,182658701,
553,high,173602386,226419123,600155266,134099679,
553,low,15632,2084,600155285,182564987,
554,high,174456199,225564838,600155265,133812406,
554,low,15995,2098,600155285,182633949,
555,high,174313765,225708237,600155264,133871844,
555,low,16077,2141,600155283,182500007,
556,high,174312687,225708543,600155265,133845775,
556,low,15936,2178,600155284,182602579,
557,high,173624975,226396386,600155265,134139934,
557,low,16018,2179,600155285,182631051,
558,high,174718044,225303119,600155264,134220417,
558,low,15799,2094,600155283,182460962,
559,high,173575172,226446126,600155265,134207111,
559,low,15824,2103,600155277,182401317,
560,high,173772436,226248562,600155267,134088773,
560,low,15875,2151,600155283,182446172,
561,high,174590109,225431478,600155262,133776249,
561,low,16152,2191,600155286,182375750,
562,high,173597247,226424623,600155265,134231508,
562,low,15967,2191,600155286,182604465,
563,high,174558151,225463119,600155265,133767978,
563,low,16126,2129,600155277,182760217,
564,high,174109690,225911684,600155265,133981699,
564,low,15986,2130,600155276,182362830,
565,high,173711138,226308983,600155257,135052624,
565,low,15621,2103,600155285,182620038,
566,high,173413919,226606392,600155256,134257135,
566,low,15868,2099,600155285,182619357,
567,high,174280621,225740891,600155267,133854563,
567,low,16159,2136,600155288,182499016,
568,high,173778080,226243346,600155265,134116794,
568,low,15952,2152,600155283,182313160,
569,high,174750295,225270860,600155267,133696848,
569,low,16037,2141,600155287,182386308,
570,high,174312556,225708537,600155264,133886302,
570,low,15981,2153,600155276,182486005,
571,high,174358142,225663895,600155265,133813818,
571,low,15843,2130,600155276,182482121,
572,high,174252735,225769134,600155265,133928085,
572,low,15850,2178,600155286,182694870,
573,high,174398380,225623642,600155266,133797047,
573,low,15717,2128,600155283,182558170,
574,high,173948481,226071774,600155256,134017923,
574,low,16061,2140,600155284,182554743,
575,high,173948247,226072022,600155254,134016570,
575,low,15959,2094,600155284,182613023,
576,high,174299437,225721651,600155266,133889052,
576,low,15904,2145,600155286,182616315,
577,high,174724951,225296181,600155264,133694632,
577,low,16105,2145,600155286,182471509,
578,high,174483162,225537348,600155255,133782587,
578,low,15826,2107,600155285,182478450,
579,high,174202477,225819473,600155265,133930602,
579,low,15886,2129,600155284,182373349,
580,high,173914402,226107494,600155266,134801097,
580,low,15690,2045,600155283,182523678,
581,high,174023135,225997893,600155264,133974921,
581,low,15923,2162,600155284,182497110,
582,high,173847719,226173843,600155265,133984307,
582,low,16051,2188,600155283,182393918,
583,high,173971049,226050622,600155264,134000195,
583,low,16003,2154,600155285,182494446,
584,high,174215717,225804910,600155256,133896507,
584,low,15905,2112,600155288,182599941,
585,high,174750434,225270787,600155265,133693921,
585,low,16006,2077,600155277,182510472,
586,high,174336791,225685145,600155267,134218185,
586,low,16032,2126,600155285,182419246,
587,high,173388331,226633048,600155265,134266212,
587,low,16179,2153,600155276,182562432,
588,high,174482452,225537622,600155256,133780317,
588,low,15818,2110,600155285,182373304,
589,high,174055604,225965642,600155265,133873337,
589,low,16237,2154,600155282,182582507,
590,high,174242099,225779415,600155264,133817240,
590,low,16017,2180,600155284,182588479,
591,high,172123288,227897669,600155256,134625749,
591,low,15834,2113,600155285,182565552,
592,high,174248535,225772684,600155263,133910312,
592,low,15782,2127,600155284,182168410,
593,high,174970114,225051004,600155267,134212366,
593,low,15804,2161,600155284,182513168,
594,high,173680651,226339198,600155257,134134524,
594,low,15858,2111,600155288,182603478,
595,high,174749792,225271084,600155261,133694076,
595,low,15879,2141,600155285,182594093,
596,high,174141583,225879515,600155265,133934203,
596,low,16215,2169,600155285,182487269,
597,high,174292119,225729102,600155266,134469685,
597,low,15883,2141,600155285,182499195,
598,high,174312822,225709177,600155266,133903550,
598,low,16171,2181,600155285,182425759,
599,high,175003038,225018278,600155265,134197814,
599,low,15820,2136,600155286,182892250,
600,high,173146562,226873980,600155256,134375600,
600,low,16099,2170,600155284,182608704,
601,high,174075910,225945219,600155265,134632259,
601,low,15916,2148,600155287,182595769,
602,high,174161605,225860735,600155266,133937745,
602,low,15875,2124,600155285,182628770,
603,high,174509905,225511199,600155264,134441191,
603,low,16006,2177,600155284,182363275,
604,high,174045428,225975879,600155265,134002475,
604,low,15937,2138,600155283,182545662,
605,high,174322025,225699448,600155266,133826268,
605,low,15995,2159,600155277,182788296,
606,high,174306119,225715074,600155265,133802684,
606,low,15933,2169,600155286,182592221,
607,high,173291959,226732205,600155264,133938663,
607,low,16006,2088,600155283,182644805,
608,high,174703929,225317335,600155268,133710405,
608,low,15980,2153,600155286,182818527,
609,high,173928981,226092286,600155266,134024528,
609,low,16046,2171,600155284,182437430,
610,high,174923503,225097438,600155265,134217292,
610,low,16055,2230,600155286,182613694,
611,high,175017399,225002971,600155257,133546452,
611,low,16047,2138,600155285,182412839,
612,high,173146902,226873335,600155257,134376408,
612,low,15886,2127,600155284,182758956,
613,high,174647682,225373277,600155264,135012806,
613,low,16034,2103,600155291,182661963,
614,high,174118510,225902899,600155266,133879676,
614,low,16088,2149,600155283,182416568,
615,high,173500477,226520440,600155265,134322718,
615,low,15959,2156,600155275,182449184,
616,high,174078191,225943438,600155265,133881926,
616,low,15665,2103,600155284,182515316,
617,high,174097645,225923943,600155265,133995118,
617,low,15999,2178,600155285,182379119,
618,high,173299068,226721621,600155257,135208676,
618,low,15925,2077,600155284,182597563,
619,high,174631287,225390439,600155264,133703228,
619,low,15930,2210,600155285,182504291,
620,high,174510992,225509864,600155264,133794253,
620,low,16057,2186,600155276,182610602,
621,high,174483117,225536860,600155255,133775522,
621,low,15981,2166,600155283,182518545,
622,high,174109421,225911555,600155266,133976158,
622,low,16066,2165,600155283,182548657,
623,high,174787283,225233864,600155264,134383550,
623,low,16041,2065,600155284,182809076,
624,high,173989147,226033309,600155269,133835216,
624,low,15903,2078,600155283,182530870,
625,high,173147198,226873466,600155256,134394676,
625,low,16260,2172,600155275,182144950,
626,high,171742738,228279809,600155257,133864237,
626,low,15791,2192,600155284,182594254,
627,high,174080464,225940693,600155265,133945815,
627,low,15765,2114,600155281,182475120,
628,high,173948462,226071799,600155257,134015288,
628,low,15713,2153,600155275,182731532,
629,high,174476929,225544243,600155264,133808697,
629,low,15902,2175,600155289,182585155,
630,high,174570681,225451283,600155264,133646948,
630,low,15921,2112,600155286,182364223,
631,high,174393368,225628351,600155265,134445084,
631,low,16090,2155,600155275,182560434,
632,high,174360674,225660126,600155264,133813468,
632,low,15916,2082,600155285,182586209,
633,high,174426473,225594958,600155265,133841986,
633,low,16080,2170,600155284,182614339,
634,high,174566289,225454745,600155268,134295775,
634,low,15976,2127,600155287,182661986,
635,high,172915012,227106239,600155264,134413932,
635,low,15850,2098,600155286,182508319,
636,high,174571924,225449712,600155266,133742813,
636,low,15854,2112,600155284,182649265,
637,high,173335251,226685850,600155265,134838330,
637,low,15811,2120,600155284,182303217,
638,high,173850157,226171520,600155266,134054550,
638,low,16078,2168,600155285,182649397,
639,high,174253681,225767611,600155265,133916618,
639,low,16070,2141,600155285,182599704,
640,high,174648804,225373266,600155266,133714568,
640,low,15982,2132,600155286,182230375,
641,high,174633126,225387887,600155264,133744471,
641,low,16177,2212,600155277,182529722,
642,high,173414097,226606079,600155258,134255289,
642,low,15836,2128,600155286,182914060,
643,high,174570290,225451147,600155266,133781802,
643,low,15929,2084,600155285,182580246,
644,high,173564234,226456719,600155263,134211944,
644,low,15806,2208,600155278,182452222,
645,high,174547328,225473569,600155263,133775153,
645,low,15822,2054,600155285,182692217,
646,high,173783989,226237363,600155266,133966000,
646,low,15702,2113,600155286,182503387,
647,high,173998584,226023037,600155264,134050146,
647,low,15944,2146,600155285,182417677,
648,high,174668938,225352248,600155265,133719362,
648,low,16095,2152,600155277,182401134,
649,high,173922009,226098739,600155264,134008735,
649,low,15872,2178,600155276,182479868,
650,high,173850173,226170982,600155264,133924891,
650,low,15979,2062,600155276,182525043,
651,high,173714386,226306889,600155265,134110864,
651,low,15958,2176,600155284,182497555,
652,high,174365820,225655503,600155266,133822312,
652,low,16061,2058,600155276,182364898,
653,high,173769562,226251747,600155266,134089500,
653,low,15882,2136,600155283,182548418,
654,high,173559786,226465177,600155265,134067947,
654,low,16008,2121,600155284,182674267,
655,high,174519047,225501422,600155256,134709889,
655,low,16153,2234,600155285,182701387,
656,high,173868647,226152485,600155266,134027030,
656,low,15790,2059,600155286,182470833,
657,high,174497517,225523696,600155256,133736917,
657,low,15775,2150,600155286,182406908,
658,high,173332991,226688041,600155264,134904018,
658,low,15889,2100,600155285,182489149,
659,high,173949939,226071258,600155264,134643759,
659,low,16123,2182,600155285,182652034,
660,high,173931400,226090352,600155264,134041592,
660,low,16019,2189,600155275,182260942,
661,high,174479925,225541193,600155256,133819906,
661,low,15985,2090,600155288,182633334,
662,high,174483285,225536965,600155257,133783815,
662,low,15909,2133,600155285,182414481,
663,high,174684595,225336316,600155263,134429497,
663,low,15962,2176,600155276,182365624,
664,high,173948128,226071998,600155257,134022235,
664,low,16026,2171,600155276,182252797,
665,high,174526457,225494757,600155265,134363125,
665,low,15967,2090,600155284,182462609,
666,high,174914253,225107013,600155266,133585319,
666,low,16066,2163,600155279,182489097,
667,high,174439151,225582260,600155265,133793778,
667,low,15947,2232,600155281,182471786,
668,high,174482536,225537579,600155258,133781461,
668,low,15908,2131,600155284,182510807,
669,high,174719697,225301356,600155264,133664167,
669,low,15829,2107,600155286,182662701,
670,high,173874348,226146961,600155264,134075441,
670,low,16151,2159,600155285,182666414,
671,high,173738309,226282005,600155257,135056341,
671,low,15700,2130,600155284,182465030,
672,high,174876181,225145789,600155265,134111859,
672,low,16115,2172,600155276,182298252,
673,high,174232435,225788770,600155265,133884606,
673,low,15819,2143,600155285,182715489,
674,high,173888983,226132124,600155266,134025430,
674,low,15796,2142,600155277,182242647,
675,high,174249155,225772584,600155272,133829772,
675,low,16146,2133,600155286,182517627,
676,high,174526682,225494659,600155266,133738683,
676,low,15860,2093,600155285,182523632,
677,high,174003560,226017582,600155264,133904328,
677,low,15786,2137,600155285,182516853,
678,high,174262930,225759452,600155266,133841248,
678,low,16132,2207,600155285,182565345,
679,high,174519458,225500689,600155256,134710306,
679,low,16006,2118,600155284,182562475,
680,high,174504566,225516721,600155264,133806156,
680,low,15985,2132,600155285,182539239,
681,high,174429869,225592469,600155267,133745141,
681,low,15922,2116,600155285,182613009,
682,high,174571289,225450368,600155265,133706866,
682,low,15897,2148,600155284,182369090,
683,high,174790949,225229438,600155259,134602221,
683,low,15958,2148,600155285,182453115,
684,high,174793179,225227950,600155264,133663385,
684,low,15862,2162,600155284,182518368,
685,high,174224786,225796480,600155264,134516023,
685,low,15937,2099,600155284,182266067,
686,high,174208667,225812228,600155265,133889882,
686,low,15992,2133,600155287,182488446,
687,high,174672948,225348411,600155264,133709249,
687,low,15876,2154,600155277,182124934,
688,high,174482605,225537459,600155256,133781072,
688,low,15684,2099,600155285,182483844,
689,high,174185141,225836228,600155264,133939555,
689,low,15760,2015,600155285,182516118,
690,high,174183666,225837643,600155264,133899020,
690,low,15769,2093,600155287,182534406,
691,high,173664869,226356365,600155264,134177170,
691,low,15849,2121,600155276,182525304,
692,high,173799632,226221953,600155268,134110561,
692,low,16151,2109,600155284,182591427,
693,high,174474034,225547141,600155267,133799316,
693,low,15813,2174,600155285,182582637,
694,high,173832241,226188995,600155265,134027090,
694,low,16121,2127,600155285,182575791,
695,high,173906529,226116106,600155272,134006944,
695,low,16142,2098,600155281,182470113,
696,high,173678608,226342690,600155267,134150234,
696,low,16033,2149,600155283,182550431,
697,high,174830548,225190714,600155265,133567251,
697,low,15982,2154,600155286,182765265,
698,high,173187719,226833650,600155267,134304724,
698,low,15834,2123,600155286,182548783,
699,high,174027947,225993375,600155266,134315890,
699,low,16076,2135,600155275,182315224,
700,high,173872472,226149456,600155270,134051131,
700,low,16131,2093,600155284,182471700,
701,high,174137217,225884623,600155265,133944670,
701,low,15780,2072,600155284,182237953,
702,high,173735991,226285442,600155264,134074150,
702,low,15916,2115,600155286,182366974,
703,high,174192360,225828818,600155266,133882713,
703,low,15887,2115,600155284,182581679,
704,high,173442742,226578766,600155266,134202495,
704,low,16113,2124,600155283,182646410,
705,high,174368100,225652452,600155256,133799326,
705,low,16228,2115,600155275,182126314,
706,high,174428070,225593288,600155266,133801363,
706,low,16111,2105,600155287,182634809,
707,high,172698500,227321843,600155258,134574791,
707,low,15842,2127,600155283,182667589,
708,high,174215868,225804433,600155257,133898651,
708,low,15861,2131,600155283,182530101,
709,high,174177286,225845602,600155266,133935648,
709,low,15876,2141,600155286,182440353,
710,high,173088772,226932319,600155264,134426420,
710,low,15944,2124,600155283,182633371,
711,high,174412994,225608053,600155266,133813707,
711,low,15903,2191,600155288,182411942,
712,high,174916278,225104974,600155267,134392656,
712,low,16084,2129,600155286,182512963,
713,high,174645263,225375865,600155266,133694055,
713,low,15929,2073,600155287,182660765,
714,high,173510185,226511000,600155266,134148363,
714,low,16023,2081,600155284,182410217,
715,high,173745357,226276451,600155273,133997531,
715,low,15785,2046,600155284,182491707,
716,high,174870847,225150260,600155265,134224368,
716,low,15756,2088,600155286,182435656,
717,high,174159534,225861588,600155265,134590237,
717,low,15715,2098,600155277,182548053,
718,high,174345563,225675652,600155256,133823039,
718,low,15924,2116,600155277,182542426,
719,high,174609030,225412008,600155264,133752446,
719,low,16023,2127,600155285,182693091,
720,high,174376577,225644491,600155265,133849486,
720,low,16136,2154,600155293,182610923,
721,high,174457317,225564094,600155268,133777323,
721,low,15856,2152,600155286,182563328,
722,high,173948208,226071893,600155257,134017855,
722,low,15845,2090,600155285,182533228,
723,high,173825240,226195988,600155264,133990767,
723,low,15852,2147,600155285,182429744,
724,high,173862602,226158606,600155267,133952698,
724,low,16079,2145,600155283,182261435,
725,high,173385175,226637439,600155265,135596581,
725,low,15886,2114,600155277,182557324,
726,high,174074840,225946551,600155265,133899509,
726,low,15832,2108,600155286,182507452,
727,high,174474845,225546263,600155264,133777469,
727,low,16018,2119,600155286,182511271,
728,high,173646532,226374844,600155264,134105382,
728,low,15927,2111,600155285,182382595,
729,high,174482640,225537496,600155256,133778247,
729,low,15780,2138,600155284,182583058,
730,high,173960578,226062123,600155265,133834622,
730,low,16070,2148,600155284,182351343,
731,high,174504593,225516786,600155264,133801733,
731,low,15716,2087,600155276,182510596,
732,high,173948522,226071717,600155256,134016488,
732,low,15713,2130,600155283,182475952,
733,high,173681025,226339200,600155257,134136699,
733,low,16081,2088,600155285,182483274,
734,high,173893374,226127846,600155266,134692786,
734,low,15821,2058,600155284,182349288,
735,high,174145135,225875938,600155265,134632127,
735,low,15883,2143,600155284,182728718,
736,high,174089260,225932432,600155264,133972458,
736,low,15882,2161,600155284,182569773,
737,high,173414192,226606270,600155257,134257388,
737,low,15820,2110,600155284,182630774,
738,high,174328973,225693164,600155257,133860724,
738,low,15922,2131,600155277,182610732,
739,high,174138224,225882979,600155266,133960017,
739,low,15991,2220,600155284,182621680,
740,high,174486684,225534395,600155264,133749813,
740,low,16282,2190,600155276,182618281,
741,high,174749914,225270250,600155256,133661011,
741,low,15856,2117,600155285,182365264,
742,high,175048324,224971794,600155258,134458334,
742,low,16042,2149,600155283,182550510,
743,high,175313091,224707479,600155256,134330711,
743,low,15960,2163,600155284,182482067,
744,high,173699721,226321770,600155266,134262338,
744,low,16040,2113,600155283,182673153,
745,high,174528976,225492571,600155263,133790941,
745,low,16031,2141,600155283,182532978,
746,high,174676207,225345535,600155265,133696117,
746,low,15891,2109,600155285,182529651,
747,high,173681063,226339113,600155257,134136285,
747,low,15877,2122,600155284,182695187,
748,high,174023835,225997465,600155266,134015762,
748,low,16025,2171,600155284,182406900,
749,high,174234128,225786806,600155264,133919321,
749,low,15706,2148,600155285,182610436,
750,high,174505090,225516222,600155264,133802272,
750,low,15898,2083,600155277,182522453,
751,high,173770159,226250867,600155264,134130849,
751,low,15916,2120,600155284,182258157,
752,high,173979349,226041887,600155266,134655156,
752,low,16055,2124,600155276,182556225,
753,high,173700969,226320206,600155265,134160707,
753,low,15982,2137,600155276,182481157,
754,high,174290932,225730435,600155264,133898293,
754,low,15789,2132,600155286,182556884,
755,high,173553378,226467867,600155264,134217237,
755,low,16071,2140,600155285,182714730,
756,high,173864004,226157087,600155265,134844758,
756,low,15889,2085,600155285,182687598,
757,high,174189686,225833644,600155268,133938588,
757,low,15977,2153,600155286,182617975,
758,high,174215518,225804561,600155258,133901792,
758,low,16217,2161,600155277,182480938,
759,high,174218103,225804050,600155265,133920344,
759,low,16042,2204,600155275,182539547,
760,high,173631835,226389498,600155264,134150127,
760,low,15934,2111,600155284,182309668,
761,high,174594836,225426262,600155264,133694216,
761,low,15920,2127,600155290,182499994,
762,high,174460723,225560468,600155265,133780696,
762,low,16018,2159,600155277,182477981,
763,high,173277157,226745045,600155265,134158651,
763,low,15886,2101,600155285,182600549,
764,high,174024890,225996351,600155265,134031148,
764,low,15967,2154,600155276,182403972,
765,high,174215445,225804831,600155255,133900134,
765,low,15927,2157,600155285,182620656,
766,high,173950135,226071135,600155264,134008479,
766,low,15915,2060,600155276,182212532,
767,high,174683196,225338719,600155267,133754694,
767,low,15835,2120,600155286,182772677,
768,high,173180801,226840644,600155267,134354535,
768,low,15869,2171,600155285,182434383,
769,high,174467395,225553695,600155264,133769970,
769,low,16024,2177,600155286,182526960,
770,high,174443643,225577599,600155266,133825111,
770,low,15787,2166,600155276,182374803,
771,high,174269873,225751622,600155265,133908916,
771,low,15989,2134,600155286,182552638,
772,high,174834728,225187245,600155265,133594961,
772,low,16114,2107,600155275,182285379,
773,high,175017736,225003550,600155267,133567416,
773,low,16151,2129,600155285,182716546,
774,high,173681624,226338817,600155257,134138829,
774,low,16212,2179,600155275,182540144,
775,high,174550048,225471969,600155263,133770691,
775,low,15990,2110,600155284,182616109,
776,high,173617364,226404053,600155264,134109639,
776,low,15839,2037,600155284,182357931,
777,high,174263000,225758596,600155272,133885221,
777,low,16179,2133,600155284,182475981,
778,high,173681293,226338865,600155257,134141329,
778,low,15945,2125,600155285,182705277,
779,high,173570735,226451196,600155264,134185233,
779,low,15999,2181,600155285,182278478,
780,high,174326881,225694388,600155265,134444505,
780,low,16076,2148,600155275,182317125,
781,high,174193039,225828259,600155265,133905462,
781,low,15779,2059,600155287,182472029,
782,high,173337590,226683357,600155256,134289221,
782,low,16012,2170,600155284,182651056,
783,high,173808857,226212393,600155267,134004777,
783,low,15785,2116,600155285,182589159,
784,high,174574438,225446815,600155265,133736456,
784,low,15864,2174,600155283,182456968,
785,high,172679162,227343408,600155264,134548721,
785,low,16009,2148,600155285,182527466,
786,high,174483574,225537708,600155266,133805357,
786,low,15867,2115,600155284,182839439,
787,high,173748764,226273888,600155264,133861377,
787,low,16024,2133,600155284,182544414,
788,high,174043260,225977713,600155265,133921240,
788,low,16021,2206,600155285,182529234,
789,high,173679777,226341722,600155266,134039654,
789,low,15994,2138,600155284,182543409,
790,high,174217282,225803638,600155257,133927702,
790,low,15805,2122,600155283,182430875,
791,high,173887473,226136099,600155268,133875595,
791,low,15992,2182,600155290,182727336,
792,high,174215668,225804708,600155258,133903479,
792,low,15924,2142,600155285,182518399,
793,high,174255468,225766214,600155266,133854692,
793,low,15926,2087,600155276,182321158,
794,high,174400399,225620837,600155266,133796450,
794,low,15827,2122,600155275,182319280,
795,high,173413861,226606370,600155257,134257704,
795,low,15971,2185,600155277,182599186,
796,high,173476584,226545458,600155264,134234764,
796,low,15815,2078,600155286,182578519,
797,high,172489793,227531177,600155264,134694299,
797,low,16195,2165,600155291,182172546,
798,high,174077237,225943806,600155266,133993433,
798,low,15822,2118,600155284,182309257,
799,high,173508594,226513432,600155266,134205549,
799,low,15884,2175,600155284,182624496,
800,high,172879407,227140940,600155257,134495430,
800,low,15845,2130,600155286,182607891,
801,high,173806800,226214720,600155265,134035750,
801,low,15795,2104,600155276,182290881,
802,high,173441290,226578575,600155254,134245068,
802,low,16188,2128,600155280,182407803,
803,high,174544393,225477008,600155270,133789845,
803,low,16114,2162,600155276,182572508,
804,high,174165402,225855775,600155267,134574651,
804,low,15903,2092,600155275,182612321,
805,high,174382959,225639293,600155266,133862705,
805,low,15852,2103,600155284,182782583,
806,high,173531977,226489758,600155266,134832761,
806,low,15798,2093,600155277,182487973,
807,high,173869526,226151512,600155264,134078509,
807,low,16000,2119,600155284,182429441,
808,high,173902129,226119111,600155265,134677906,
808,low,15899,2110,600155275,182399603,
809,high,174447387,225575295,600155267,133695681,
809,low,15737,2112,600155285,182534631,
810,high,173681969,226338159,600155256,134139894,
810,low,15690,2064,600155286,182771412,
811,high,173173892,226849061,600155266,134454775,
811,low,15935,2104,600155275,182327033,
812,high,173487995,226534409,600155267,134137070,
812,low,15982,2135,600155285,182549565,
813,high,172580377,227441332,600155265,134606247,
813,low,15807,2119,600155286,182378625,
814,high,174302453,225718582,600155264,133902324,
814,low,16027,2155,600155284,182831802,
815,high,173114704,226906536,600155264,134366205,
815,low,15870,2129,600155286,182552460,
816,high,174158627,225862403,600155265,133852659,
816,low,15876,2127,600155291,182503293,
817,high,173055423,226965831,600155263,134345246,
817,low,15828,2090,600155275,182207453,
818,high,174215276,225804895,600155256,133899393,
818,low,16040,2188,600155277,182357310,
819,high,174482536,225538229,600155284,133807007,
819,low,15867,2142,600155284,182560467,
820,high,174422939,225598408,600155266,134451101,
820,low,15794,2116,600155284,182566726,
821,high,173313906,226709705,600155257,134324775,
821,low,16064,2148,600155285,182372902,
822,high,174579740,225441407,600155264,133775499,
822,low,16028,2135,600155285,182294233,
823,high,174446006,225575218,600155266,133796603,
823,low,15841,2217,600155288,182335373,
824,high,173964389,226057095,600155265,134045432,
824,low,16139,2167,600155286,182350506,
825,high,173647614,226373587,600155292,134183551,
825,low,16093,2157,600155275,182483586,
826,high,174898814,225122202,600155266,133620417,
826,low,15871,2146,600155284,182233799,
827,high,173920406,226103009,600155266,134174384,
827,low,15766,2088,600155285,182585222,
828,high,174459639,225562028,600155267,133798680,
828,low,16025,2104,600155284,182659828,
829,high,174329264,225691733,600155265,133882057,
829,low,15826,2100,600155285,182484316,
830,high,172700351,227320961,600155264,134487164,
830,low,16060,2222,600155286,182292465,
831,high,174750086,225270372,600155256,133660901,
831,low,16071,2152,600155285,182480020,
832,high,173948788,226071505,600155256,134019141,
832,low,16086,2151,600155276,182479964,
833,high,173444529,226575740,600155256,134239466,
833,low,15946,2122,600155286,182687660,
834,high,174505304,225516203,600155265,133689095,
834,low,15939,2109,600155284,182606626,
835,high,173200284,226820930,600155265,134389015,
835,low,15999,2083,600155275,182394849,
836,high,174761130,225259757,600155265,133681059,
836,low,15793,2092,600155285,182380148,
837,high,174318764,225702384,600155264,133884175,
837,low,15965,2165,600155286,182374695,
838,high,174687824,225333371,600155263,133669574,
838,low,15997,2123,600155285,182476186,
839,high,173630642,226390728,600155264,134115880,
839,low,16047,2100,600155284,182588376,
840,high,173382248,226639129,600155267,134087289,
840,low,15968,2174,600155284,182561928,
841,high,174788450,225232927,600155264,134277061,
841,low,15884,2139,600155285,182808552,
842,high,174216069,225804217,600155259,133902915,
842,low,16070,2116,600155285,182719039,
843,high,174482723,225537521,600155259,133784993,
843,low,15871,2098,600155284,182741963,
844,high,174421149,225600253,600155265,133832134,
844,low,16239,2196,600155284,182621368,
845,high,175055281,224965183,600155257,134477917,
845,low,16101,2140,600155286,182553660,
846,high,174371754,225649268,600155266,133774702,
846,low,15931,2103,600155276,182883539,
847,high,173423113,226597110,600155256,134249246,
847,low,15959,2145,600155284,182393909,
848,high,174266767,225754388,600155264,133868514,
848,low,15963,2123,600155284,182392470,
849,high,175017550,225003621,600155269,133565132,
849,low,15998,2124,600155286,182761557,
850,high,174216470,225804805,600155263,133919526,
850,low,15783,2168,600155284,182558407,
851,high,173680866,226340502,600155265,134101537,
851,low,16110,2140,600155283,182307437,
852,high,174749811,225270385,600155256,133662712,
852,low,15823,2074,600155284,182649948,
853,high,174971501,225049730,600155266,134203748,
853,low,15751,2078,600155307,182616323,
854,high,174088168,225932818,600155265,133923871,
854,low,15865,2093,600155276,182202846,
855,high,173818758,226203036,600155265,134696674,
855,low,15899,2186,600155309,182611861,
856,high,173905337,226114882,600155256,134965344,
856,low,16074,2210,600155284,182415477,
857,high,174387336,225634516,600155267,133703026,
857,low,16186,2148,600155276,182671586,
858,high,173780050,226242409,600155310,134156484,
858,low,16165,2161,600155294,182623388,
859,high,173540000,226481354,600155265,134154699,
859,low,15970,2113,600155285,182566754,
860,high,173214774,226807487,600155256,135098872,
860,low,15683,2086,600155287,182452359,
861,high,174143073,225878255,600155264,134596728,
861,low,15945,2140,600155303,182701686,
862,high,173903070,226118239,600155265,134662719,
862,low,15953,2269,600155285,182489662,
863,high,174556528,225464883,600155273,133733012,
863,low,15906,2139,600155306,182669181,
864,high,174028339,225993132,600155267,134020910,
864,low,15839,2025,600155285,182452557,
865,high,173856556,226164829,600155265,134032103,
865,low,16063,2171,600155285,182471509,
866,high,174931065,225090181,600155265,135067086,
866,low,15867,2081,600155284,182835164,
867,high,174253151,225768362,600155265,133883756,
867,low,16151,2146,600155276,182553731,
868,high,174086657,225935100,600155267,133992409,
868,low,15933,2142,600155285,182480367,
869,high,173985169,226035082,600155257,134950875,
869,low,15887,2127,600155286,182396047,
870,high,174411428,225609994,600155267,134268288,
870,low,16063,2197,600155284,182589272,
871,high,174323076,225698400,600155265,133880178,
871,low,16033,2172,600155285,182803131,
872,high,174447561,225573795,600155266,133822575,
872,low,15839,2130,600155276,182477263,
873,high,173947857,226072158,600155257,134016456,
873,low,16049,2165,600155284,182545452,
874,high,174514816,225505377,600155256,134697631,
874,low,15970,2246,600155290,182445012,
875,high,173937006,226084413,600155266,134039245,
875,low,15997,2167,600155285,182808345,
876,high,173463970,226558168,600155266,134421429,
876,low,16032,2144,600155286,182454855,
877,high,174215819,225804351,600155256,133902971,
877,low,15896,2085,600155285,182566063,
878,high,173085921,226935483,600155264,134305792,
878,low,16187,2237,600155286,182164189,
879,high,174033016,225988383,600155265,134004277,
879,low,15922,2144,600155277,182290223,
880,high,173450630,226569621,600155256,135183465,
880,low,15683,2070,600155285,182768814,
881,high,174070482,225951133,600155258,133950247,
881,low,15732,2120,600155286,182478734,
882,high,174750350,225270537,600155264,133684169,
882,low,15896,2143,600155275,182442374,
883,high,173146632,226873605,600155257,134376309,
883,low,15848,2110,600155288,182572311,
884,high,173956341,226065379,600155265,134039615,
884,low,15857,2123,600155284,182463489,
885,high,173354996,226667520,600155271,134296218,
885,low,15852,2079,600155285,182575735,
886,high,173555766,226464646,600155256,134193669,
886,low,16221,2116,600155285,182397632,
887,high,173414926,226605539,600155257,134268701,
887,low,15916,2144,600155283,182338047,
888,high,173958638,226062661,600155267,134043825,
888,low,15909,2164,600155284,182625218,
889,high,174344280,225676631,600155264,133864986,
889,low,15733,2076,600155285,182690203,
890,high,174669536,225352427,600155265,133779608,
890,low,15866,2125,600155284,182576324,
891,high,174355290,225665984,600155266,133864678,
891,low,15955,2200,600155283,182564787,
892,high,174494020,225528165,600155265,133843624,
892,low,15922,2118,600155285,182539503,
893,high,174215757,225804965,600155259,133901361,
893,low,16007,2120,600155285,182570079,
894,high,174139732,225881631,600155267,133924206,
894,low,15947,2190,600155278,182600139,
895,high,174280858,225741936,600155265,134548613,
895,low,16149,2159,600155284,182545469,
896,high,174425270,225595792,600155257,133849044,
896,low,15934,2143,600155285,182523266,
897,high,173892753,226128826,600155265,134067454,
897,low,16018,2164,600155286,182505811,
898,high,173105207,226915806,600155263,134313725,
898,low,15907,2154,600155284,182535995,
899,high,174157215,225864009,600155265,134863473,
899,low,15927,2059,600155285,182903835,
900,high,173857858,226164473,600155265,134051509,
900,low,15877,2128,600155284,182550169,
901,high,173832076,226188565,600155257,134964572,
901,low,15961,2142,600155285,182461939,
902,high,172880710,227139452,600155257,134494343,
902,low,15917,2169,600155285,182544359,
903,high,173842597,226178627,600155264,134094912,
903,low,15882,2072,600155283,182489422,
904,high,173979051,226042341,600155265,133981365,
904,low,15976,2091,600155285,182671018,
905,high,174525933,225495189,600155265,133793796,
905,low,16005,2131,600155284,182498936,
906,high,174331104,225690878,600155266,133799557,
906,low,16026,2149,600155277,182613771,
907,high,174522373,225499042,600155264,134396612,
907,low,15918,2125,600155285,182445041,
908,high,173186443,226834687,600155262,134355096,
908,low,15967,2120,600155277,182701638,
909,high,174783556,225237722,600155265,133782744,
909,low,15922,2171,600155285,182413025,
910,high,174147643,225875432,600155266,133629781,
910,low,15746,2085,600155285,182405892,
911,high,173577698,226443593,600155267,134101273,
911,low,16085,2167,600155285,182603700,
912,high,174532117,225490972,600155267,133639928,
912,low,16061,2184,600155275,182348424,
913,high,173779219,226241343,600155258,134029097,
913,low,16029,2114,600155277,182768494,
914,high,174717551,225303422,600155264,133705692,
914,low,15901,2206,600155276,182554366,
915,high,174422006,225598536,600155256,133799346,
915,low,15982,2123,600155289,182500210,
916,high,173540662,226481093,600155264,134243780,
916,low,16097,2142,600155284,182485803,
917,high,172938648,227082601,600155264,135128044,
917,low,16120,2164,600155277,182627875,
918,high,174083729,225938070,600155264,133925549,
918,low,15733,2089,600155277,182582166,
919,high,174210282,225811113,600155265,133811800,
919,low,15936,2164,600155285,182376329,
920,high,173269791,226751332,600155265,134353915,
920,low,16032,2121,600155284,182880393,
921,high,174483138,225537186,600155255,133782849,
921,low,15872,2169,600155284,182364689,
922,high,174483206,225537137,600155257,133785760,
922,low,16178,2141,600155275,182200588,
923,high,174482646,225537335,600155257,133786147,
923,low,16062,2171,600155276,182324177,
924,high,174145836,225875571,600155267,133958930,
924,low,16130,2089,600155275,182656169,
925,high,174254718,225766134,600155259,134848173,
925,low,15931,2132,600155275,182213435,
926,high,173688093,226333726,600155270,134148851,
926,low,16013,2092,600155276,182362079,
927,high,174008849,226012186,600155264,133924953,
927,low,16025,2112,600155287,182598313,
928,high,173639426,226381958,600155265,134114468,
928,low,15944,2129,600155284,182612766,
929,high,174475953,225544896,600155264,133770735,
929,low,15835,2167,600155285,182571434,
930,high,173653259,226367972,600155266,134133361,
930,low,15900,2159,600155287,182516932,
931,high,174933438,225088100,600155264,133579769,
931,low,16099,2124,600155284,182615791,
932,high,175174149,224847716,600155266,134250503,
932,low,15807,2160,600155285,182403254,
933,high,174748117,225273517,600155266,134348849,
933,low,15948,2169,600155284,182748476,
934,high,173999683,226021695,600155265,133953056,
934,low,15824,2172,600155285,182528171,
935,high,174200724,225820899,600155265,133939346,
935,low,15910,2109,600155282,182300076,
936,high,173975529,226046886,600155268,134065414,
936,low,16189,2168,600155277,182536133,
937,high,174703642,225317437,600155266,134299591,
937,low,16208,2199,600155285,182194150,
938,high,173907221,226114422,600155265,134013970,
938,low,16032,2112,600155276,182545972,
939,high,174495482,225525949,600155265,133703695,
939,low,15723,2157,600155287,182591817,
940,high,174413272,225607907,600155264,133834199,
940,low,15977,2117,600155286,182591906,
941,high,174766188,225255266,600155269,133654324,
941,low,16177,2145,600155277,182473107,
942,high,174456041,225565276,600155265,133705201,
942,low,16018,2166,600155283,182532747,
943,high,174448622,225572975,600155266,134405081,
943,low,15952,2136,600155290,182572210,
944,high,174298866,225722237,600155264,133815286,
944,low,16019,2160,600155285,182691582,
945,high,174261700,225759351,600155264,133910435,
945,low,15881,2114,600155286,182445496,
946,high,174472972,225548334,600155271,133812403,
946,low,16044,2146,600155285,182546496,
947,high,173776525,226244740,600155264,134683315,
947,low,16028,2170,600155276,182438135,
948,high,172173229,227846951,600155258,134810849,
948,low,15973,2166,600155284,182270170,
949,high,173147073,226873361,600155258,134376194,
949,low,16006,2181,600155276,182562198,
950,high,174148843,225872378,600155264,133925940,
950,low,16047,2153,600155283,182549375,
951,high,174603959,225417424,600155264,134445115,
951,low,16020,2124,600155285,182475307,
952,high,173950646,226070853,600155264,134020303,
952,low,16005,2172,600155276,182480236,
953,high,173454604,226567295,600155267,135582613,
953,low,15970,2153,600155284,182461339,
954,high,173777259,226244173,600155267,134024882,
954,low,15841,2114,600155287,182565663,
955,high,175155497,224866228,600155266,134150742,
955,low,15884,2152,600155285,182520442,
956,high,174448725,225572470,600155267,133820099,
956,low,16002,2109,600155284,182572279,
957,high,174846275,225175068,600155264,133566041,
957,low,15985,2191,600155275,182181044,
958,high,174483154,225537224,600155256,133780602,
958,low,16022,2172,600155275,182659720,
959,high,174482818,225537368,600155256,133781353,
959,low,16093,2137,600155283,182461407,
960,high,174592608,225428614,600155265,133759799,
960,low,15996,2182,600155277,182475051,
961,high,174742649,225278952,600155265,133672212,
961,low,16057,2090,600155284,182517405,
962,high,173939257,226084960,600155266,134893029,
962,low,15790,2191,600155287,182540733,
963,high,174224995,225796676,600155257,133970437,
963,low,15940,2166,600155288,182536424,
964,high,174504702,225516533,600155264,134364951,
964,low,15926,2160,600155285,182510241,
965,high,174597117,225424089,600155266,134073278,
965,low,16068,2166,600155282,182365885,
966,high,174098715,225922837,600155265,133975869,
966,low,15836,2092,600155290,182534226,
967,high,173751685,226269409,600155265,134069100,
967,low,15728,2192,600155284,182426156,
968,high,174215649,225804663,600155255,133895698,
968,low,15918,2104,600155284,182468267,
969,high,174482851,225538482,600155263,133789315,
969,low,16012,2071,600155283,182747841,
970,high,173413969,226606255,600155257,134254531,
970,low,16144,2104,600155287,182651610,
971,high,174415432,225605557,600155265,133783650,
971,low,16167,2156,600155284,182609090,
972,high,173948220,226072079,600155256,134016756,
972,low,15904,2149,600155286,182485713,
973,high,175224528,224796554,600155265,134748431,
973,low,16027,2114,600155285,182322113,
974,high,173014716,227005740,600155257,134380222,
974,low,16028,2126,600155284,182578159,
975,high,173737488,226283302,600155265,134775603,
975,low,15857,2145,600155276,182520120,
976,high,174269760,225751479,600155264,133905937,
976,low,15916,2097,600155273,182397362,
977,high,174106270,225915429,600155266,133984121,
977,low,15953,2148,600155284,182319648,
978,high,174648028,225373384,600155264,133663350,
978,low,15872,2163,600155284,182609854,
979,high,175017422,225003153,600155256,133547285,
979,low,15844,2089,600155284,182674972,
980,high,173916007,226106694,600155266,134615896,
980,low,16168,2110,600155285,182444308,
981,high,173334579,226687061,600155264,134330225,
981,low,15856,2176,600155284,182599170,
982,high,174325393,225695794,600155263,133773760,
982,low,15896,2241,600155284,182512308,
983,high,173516836,226504794,600155265,134236838,
983,low,16100,2182,600155284,182603648,
984,high,174439857,225581657,600155266,134463692,
984,low,15769,2107,600155284,182372840,
985,high,173121673,226899354,600155264,134377663,
985,low,15827,2070,600155284,182477566,
986,high,174277245,225744759,600155264,133884555,
986,low,15948,2117,600155283,182487448,
987,high,174424477,225596622,600155265,134463910,
987,low,15898,2061,600155275,182406725,
988,high,173858109,226162846,600155265,134042892,
988,low,16027,2113,600155284,182783608,
989,high,174216175,225804337,600155257,133901032,
989,low,15945,2135,600155284,182352797,
990,high,174214474,225806553,600155264,133887333,
990,low,16212,2201,600155283,182348373,
991,high,174008001,226015738,600155265,133754673,
991,low,16094,2170,600155275,182231033,
992,high,174410615,225610640,600155265,133796482,
992,low,16130,2156,600155277,182493679,
993,high,173889114,226135129,600155267,134302985,
993,low,15880,2166,600155276,182458170,
994,high,174652871,225368594,600155270,133676588,
994,low,15949,2086,600155285,182687030,
995,high,173622208,226399378,600155266,134216893,
995,low,16194,2173,600155283,182785363,
996,high,173742000,226278333,600155257,134963887,
996,low,15934,2144,600155287,182495242,
997,high,173991565,226029632,600155264,134020696,
997,low,15828,2104,600155282,182662205,
998,high,174312432,225708838,600155263,133883572,
998,low,15821,2100,600155285,182510652,
999,high,174534479,225486707,600155264,134445021,
999,low,16017,2123,600155276,182322908,
1000,high,173949209,226071324,600155257,134028458,
1000,low,15794,2116,600155285,182616876,
